股票代碼,股票名稱,本月成交量(千股),本月成交值(千元),本月底市價(元),上月底市價(元),本月平均價(元),發行股份(千股),上市股份(千股),資本額(百萬元),預期回報
1102,亞洲水泥 ACC,164075.575,5525153.749,30.3,34.6,33.67,2985735.483,2985735.483,29857.35483,-0.12427745664739887
1103,嘉新水泥 CHC,78237.953,1389037.958,15.8,18.1,17.75,717877.855,717877.855,7178.77855,-0.12707182320441993
1104,環球水泥 UCC,56618.576,1035835.282,16.25,17.5,18.29,603891.908,603891.908,6038.91908,-0.07142857142857142
1108,幸福水泥 Lucky Cement,39477.362,354373.009,7.92,8.95,8.98,404738.049,404738.049,4047.38049,-0.1150837988826815
1109,信大水泥 HsingTa,9478.885,101209.082,10.05,10.5,10.68,421000.76,421000.76,4210.0076,-0.04285714285714279
1110,東南水泥 TUNA CEMENT,25568.879,308266.615,11,11.35,12.06,572000.797,572000.797,5720.007970000001,-0.030837004405286313
1201,味全食品 Wei-Chuan,167459.375,6713120.802,34.2,43.6,40.09,506062.914,506062.914,5060.62914,-0.21559633027522931
1203,味王 Ve Wong,47425.605,1296756.319,24.4,25.75,27.34,219716.45,219716.45,2197.1645,-0.052427184466019475
1210,大成長城 GREATWALL,107647.951,3809800.743,32.65,35.2,35.39,471112.301,471112.301,4711.123009999999,-0.07244318181818193
1215,卜蜂企業 CPE,55903.452,906709.25,14.9,15.55,16.22,232026.838,232026.838,2320.26838,-0.04180064308681674
1216,統一企業 PEC,226068.482,8405429.446,34.2,39.45,37.18,3897400.264,3897400.264,38974.00264,-0.13307984790874525
1217,愛之味 AGV,136592.798,1759468.974,11.35,13.15,12.88,447689.257,447689.257,4476.89257,-0.1368821292775666
1218,泰山 TAISUN,128379.843,1725531.615,11.85,13.05,13.44,320243.369,320243.369,3202.43369,-0.09195402298850583
1219,福壽 FWUSOW,56448.615,764437.098,12.05,13.25,13.54,274307.957,274307.957,2743.07957,-0.09056603773584901
1220,台榮 TAIROUN,50612.518,547325.154,11.4,9.1,10.81,177077.944,177077.944,1770.77944,0.25274725274725285
1225,福懋油脂 FOPCO,59875.176,996382.066,14.1,16.65,16.64,162700.028,162700.028,1627.0002799999995,-0.15315315315315312
1227,佳格食品 S.F.C,28364.438,1218049.169,40,44.2,42.94,322523.034,322523.034,3225.23034,-0.0950226244343892
1229,聯華實業 LHIC,83915.998,1345705.865,15.05,15.75,16.04,814474.242,814474.242,8144.74242,-0.0444444444444444
1231,聯華食品 Lian Hwa Foods,6120.988,85265.839,13.15,13.9,13.93,115419.0,115419.0,1154.19,-0.0539568345323741
1232,大統益 TTET,4281.06,163626.228,36.6,38.1,38.22,159974.915,159974.915,1599.74915,-0.03937007874015748
1233,天仁 Ten Ren,4446.48,163154.048,35.8,36.1,36.69,90591.948,90591.948,905.91948,-0.008310249307479343
1234,黑松 Hey-Song,37649.542,713685.488,19,18.95,18.96,535828.125,535828.125,5358.28125,0.002638522427440671
1235,興泰 Shin Tai,180.015,6060.363,32.6,33.3,33.67,52944.511,52944.511,529.44511,-0.021021021021020894
1236,宏亞食品 Hunya Foods,1738.15,30984.165,17.55,17.5,17.83,85231.214,85231.214,852.3121400000001,0.002857142857142898
1702,南僑化工 NAMCHOW,95967.843,2790222.537,25,29.7,29.07,294132.962,294132.962,2941.32962,-0.15824915824915822
1301,臺灣塑膠 FPC,201409.976,13798309.27,66.6,67.3,68.51,6120904.597,6120904.597,61209.04597,-0.010401188707280875
1303,南亞塑膠 NPC,263080.092,16553047.733,60,58.3,62.92,7852298.603,7852298.603,78522.98603,0.02915951972555751
1304,臺灣聚合 USI,183288.902,3934070.423,19.65,20.3,21.46,771403.164,771403.164,7714.031639999999,-0.032019704433497644
1305,華夏塑膠 CGPC,225956.811,3047231.195,12.3,12.35,13.49,424803.528,424803.528,4248.03528,-0.004048582995951331
1307,三芳化工 SAN FANG,10751.196,406207.752,35.1,37.2,37.78,297109.442,297109.442,2971.09442,-0.05645161290322584
1308,亞聚 APC,92081.742,2657213.884,27.3,26.3,28.86,260931.631,260931.631,2609.31631,0.03802281368821293
1309,台達化 TTC,128230.755,1839987.11,12.5,13.8,14.35,278615.524,278615.524,2786.15524,-0.09420289855072468
1310,臺灣苯乙烯 T.S.M.C.,426730.656,7368466.372,17.8,13.85,17.27,580340.298,580340.298,5803.40298,0.2851985559566788
1312A,國喬石化        (特 別) GPPC preferred,774,15667.95,19.8,19.05,20.24,20000.0,20000.0,200.0,0.03937007874015748
1313,聯成 UPC,245184.783,4486752.588,16.5,17.4,18.3,848036.256,848036.256,8480.362560000001,-0.051724137931034406
1314,中石化 CPDC,737465.345,9705289.418,11.95,12.4,13.16,1794962.992,1794962.992,17949.629920000003,-0.03629032258064525
1315,達新工業 TAHHSIN,5795.671,134888.653,22.35,23.1,23.27,220000.0,220000.0,2200.0,-0.032467532467532464
1316,上曜 SUN YAD,3264.414,29745.98,9.15,9.24,9.11,65166.085,65166.085,651.66085,-0.009740259740259724
1319,東陽 TYG,75645.968,4047060.443,48.15,58.8,53.5,465049.582,465049.582,4650.49582,-0.18112244897959182
1321,大洋 OPC,18223.7,456541.364,22.15,23.6,25.05,227228.268,227228.268,2272.2826800000003,-0.06144067796610181
1323,永裕 YONYU,12783.903,238404.176,16.25,18.9,18.65,78846.39,78846.39,788.4639,-0.14021164021164015
1324,地球 Globe,24849.585,568872.405,19.35,24.05,22.89,75121.882,75121.882,751.2188199999999,-0.19542619542619538
1325,恒大 UK,8662.475,220439.217,23,27,25.45,91784.33,91784.33,917.8433,-0.14814814814814814
1326,臺灣化纖 FCFC,170630.219,12103374.961,69.3,69.4,70.93,5690472.128,5690472.128,56904.72127999999,-0.0014409221902018517
4306,炎洲 YEMCHIO,160894.705,4006067.416,24.15,23.5,24.9,212688.696,212688.696,2126.88696,0.027659574468085046
1402,遠東新 FENC,309128.156,12143042.892,35.2,40,39.28,4661352.901,4661352.901,46613.52901,-0.11999999999999993
1409,新光合纖 SSFC,647104.513,7636117.383,10.4,11.25,11.8,1454073.831,1454073.831,14540.73831,-0.07555555555555553
1410,南洋染整 NYDF,13091.633,243166.71,15.75,19.6,18.57,90000.0,90000.0,900.0,-0.19642857142857148
1413,宏洲化工 H.C.,16838.993,99613.938,5.42,5.42,5.92,170187.424,170187.424,1701.87424,0.0
1414,東和紡織 TUNG HO,37610.548,227432.997,5.15,6.06,6.05,220000.0,220000.0,2200.0,-0.15016501650165004
1416,廣豐實業 KFIC,96268.503,1046409.277,9.9,11.8,10.87,549783.426,549783.426,5497.83426,-0.1610169491525424
1417,嘉裕 Carnival,139931.594,1278999.164,8.05,8.85,9.14,379883.68,379883.68,3798.8368,-0.09039548022598859
1419,新光紡織 SHINKO.SPIN.,159452.359,5975307.739,36.95,34.15,37.47,300041.28,300041.28,3000.4128,0.0819912152269401
1423,利華羊毛 Reward Wool,43223.768,372569.426,7.99,8.03,8.62,175000.0,175000.0,1750.0,-0.004981320049813095
1434,福懋 Formosa Taffeta,51282.653,1292409.894,23.4,25.9,25.2,1684664.637,1684664.637,16846.646370000002,-0.09652509652509653
1439,中和羊毛 Chuwa Wool,118025.925,4732623.252,44.8,27.25,40.1,92000.0,92000.0,920.0,0.6440366972477063
1440,台南紡織 Tainan Spinning,179453.948,2396543.826,12,12.75,13.35,1493524.0,1493524.0,14935.24,-0.058823529411764705
1441,大東紡織 Tah Tong,29531.411,277076.022,8.86,8.74,9.38,67900.398,67900.398,679.00398,0.013729977116704716
1443,立益紡織 LILYTEXTILE,34767.086,120518.097,3.24,3.12,3.47,293772.942,293772.942,2937.72942,0.03846153846153849
1444,力麗 LEALEA,95137.439,858993.811,8.08,8.86,9.03,767970.0,767970.0,7679.7,-0.08803611738148978
1445,大宇紡織 Universal,11545.32,99978.426,7.7,8.69,8.66,141751.034,141751.034,1417.51034,-0.11392405063291132
1446,宏和紡織 Hong Ho,9047.817,94840.298,11.7,8.9,10.48,138621.513,138621.513,1386.21513,0.3146067415730336
1447,力鵬 LP,196315.663,2912667.2,13.25,13.7,14.84,652866.5,652866.5,6528.665,-0.032846715328467106
1451,年興紡織 NIEN HSING,83632.039,1522021.447,17.3,17.5,18.2,590643.091,590643.091,5906.43091,-0.011428571428571389
1452,宏益纖維 HONG YI,11805.129,107436.475,8.24,8.85,9.1,127539.808,127539.808,1275.3980800000002,-0.06892655367231633
1453,大將 TA JIANG,6230.534,67805.354,9.38,8.91,10.88,40900.0,16549.029,409.0,0.052749719416386155
1454,臺灣富綢 TTF,1930.026,14037.861,6.85,7.32,7.27,133628.427,133628.427,1336.28427,-0.06420765027322413
1455,集盛 ZIG SHENG,237456.446,3296914.227,12,13.15,13.88,482116.575,482116.575,4821.16575,-0.08745247148288976
1457,宜進 YI JINN,96390.033,794378.529,7.81,8.35,8.24,225151.0,225151.0,2251.51,-0.06467065868263473
1459,聯發紡織 Lan Fa Textile,14836.005,142275.561,8.81,9.5,9.59,331129.904,331129.904,3311.29904,-0.07263157894736837
1460,宏遠 Everest Textile,19488.571,133716.923,6.26,6.81,6.86,471189.133,471189.133,4711.89133,-0.08076358296622611
1463,強盛染整 CS,112316.816,1267003.235,9.89,10.75,11.28,188410.769,188410.769,1884.10769,-0.07999999999999995
1464,得力 DE LICACY,9417.45,65859.812,6.42,7.02,6.99,156849.02,156849.02,1568.4902,-0.08547008547008543
1465,偉全 WISHER,5012.696,54482.077,10.2,11.1,10.87,86339.389,86339.389,863.3938899999999,-0.08108108108108111
1466,聚隆纖維 Acelon,3348.317,25077.74,7.02,7.45,7.49,71597.796,71597.796,715.9779599999999,-0.05771812080536921
1467,南緯 TEX-RAY,19778.21,171008.906,8,8.4,8.65,164911.53,164911.53,1649.1153,-0.04761904761904766
1468,昶和纖維 CHANG HO,1393.006,15461.913,10.75,11.35,11.1,160405.244,160405.244,1604.05244,-0.05286343612334799
1470,大統染 EVERTEX,427.451,4158.971,8.87,9.88,9.73,85767.0,85767.0,857.67,-0.10222672064777343
1472,三洋纖維 Tri Ocean,10720.231,58416.361,4.93,5.42,5.45,87500.0,87500.0,875.0,-0.09040590405904063
1473,台南企業 Tainan,12124.928,406975.013,32.3,37.3,33.57,146822.034,146822.034,1468.22034,-0.13404825737265416
1474,弘裕 HONMYUE,18312.357,134256.687,6.93,7.03,7.33,137874.371,137874.371,1378.7437100000002,-0.014224751066856405
1476,儒鴻企業 ECLAT,21955.964,464657.36,19.95,20.9,21.16,193480.384,193480.384,1934.80384,-0.04545454545454542
1477,聚陽 Makalot,12969.902,777172.161,59,60.6,59.92,152973.938,152973.938,1529.73938,-0.026402640264026424
4414,如興 ROO HSING,20300.509,135947.783,6.04,5.88,6.7,68402.193,61070.815,684.0219299999999,0.02721088435374152
1503,士林電機 SEEC,58944.066,2438368.89,38.75,41.25,41.37,520972.223,520972.223,5209.72223,-0.06060606060606061
1504,東元電機 TECO,145672.701,2020746.094,12.95,14,13.87,1823165.915,1823165.915,18231.65915,-0.07500000000000005
1506,正道 R.W.,4487.328,62634.764,13.7,14.1,13.96,102251.616,102251.616,1022.51616,-0.028368794326241162
1507,永大機電 YUNGTAY,42798.923,1074868.699,23.25,25.45,25.11,410820.0,410820.0,4108.2,-0.08644400785854614
1513,中興電工 CHEM,122762.193,2469270.887,17.9,20.2,20.11,492348.339,480000.0,4923.483389999999,-0.11386138613861391
1514,亞力電機 AEC,78251.467,1131667.152,11.9,15.35,14.46,201067.013,201067.013,2010.67013,-0.22475570032573286
1515,力山工業 REXON,23073.555,233851.618,9.09,10.1,10.14,228784.276,228784.276,2287.8427600000005,-0.09999999999999998
1517,利奇機械 Lee Chi,87404.89,1050481.37,10.8,11.15,12.02,227825.007,227825.007,2278.2500700000005,-0.03139013452914795
1519,華城電機 FE,30403.272,946449.235,27.25,32.45,31.13,248627.189,248627.189,2486.27189,-0.16024653312788914
1521,大億 DAIOKU,9274.777,411072.983,37.1,49.5,44.32,76230.0,76230.0,762.3,-0.25050505050505045
1522,堤維西 TYC,44059.978,1120919.229,21.9,27.7,25.44,280286.316,280286.316,2802.8631600000003,-0.2093862815884477
1524,耿鼎 GORDON,29679.897,425495.949,12.35,14.6,14.34,162414.527,162414.527,1624.14527,-0.1541095890410959
1525,江申 KSC,5232.41,253586.755,40.45,61.6,48.46,65948.011,65948.011,659.48011,-0.34334415584415584
1526,日馳 SUNRACE,15761.964,113310.192,6.57,6.6,7.19,62897.0,44686.328,628.97,-0.004545454545454449
1527,鑽全 BASSO,25104.814,871786.925,31.9,34,34.73,173518.6,173518.6,1735.186,-0.061764705882352985
1528,恩德科技 Anderson,18185.977,218546.575,10.75,11.4,12.02,117811.448,117811.448,1178.11448,-0.057017543859649154
1530,亞崴電機 Awea,4848.939,179527.43,35.6,36,37.02,90607.952,90607.952,906.07952,-0.011111111111111072
1531,高林股 Kaulin,38882.039,732679.242,18.8,18.3,18.84,193151.08,193151.08,1931.5108,0.0273224043715847
1533,車王電 MORE,20759.434,608055.799,23.85,27.8,29.29,96415.198,96415.198,964.15198,-0.14208633093525178
1535,中宇 CEC,24298.076,1150505.77,43.45,45.2,47.35,113047.418,113047.418,1130.4741800000002,-0.03871681415929203
1536,和大 HOTA,59665.752,892312.54,13.7,13.65,14.96,157991.4,157991.4,1579.914,0.003663003663003585
1537,廣隆光電 KUNG LONG,29446.025,1174786.796,33.4,41.75,39.9,67138.874,67138.874,671.38874,-0.20000000000000004
1539,巨庭機械 GEETECH,1790.335,15319.853,7.65,8.4,8.56,65370.0,65370.0,653.7,-0.08928571428571429
1540,喬福機械 JOHNFORD,4609.256,150463.888,31.5,33.85,32.64,85473.612,85473.612,854.7361199999999,-0.06942392909896607
1541,錩泰 Chang Type,2733.091,57936.076,19.2,24,21.2,71782.789,71782.789,717.82789,-0.20000000000000004
1560,中砂 KINIK,89410.43,4136694.094,46.2,39.45,46.27,141000.0,141000.0,1410.0,0.17110266159695817
1583,程泰 GOODWAY,1206.392,36659.501,27.8,29.6,30.39,94599.617,94599.617,945.99617,-0.060810810810810835
2049,上銀科技 HIWIN,62582.239,2792373.451,41.95,41.85,44.62,223389.747,223389.747,2233.8974700000003,0.002389486260454036
4526,東台 TOPPER,18123.592,489966.343,25.5,25.5,27.03,206902.273,206902.273,2069.02273,0.0
4532,瑞智 RECHI,93997.065,1122831.287,11.1,11.7,11.95,383038.286,383038.286,3830.38286,-0.05128205128205125
6605,帝寶 DEPO,7157.541,590774.631,76.9,84.5,82.54,165816.397,165816.397,1658.16397,-0.0899408284023668
8374,羅昇 ACE PILLAR,18429.729,642650.9,35.25,33.75,34.87,63257.198,63257.198,632.5719799999999,0.044444444444444446
1603,中華電纜 CWCO,99236.763,1325089.328,11.75,14.35,13.35,342300.0,342300.0,3423.0,-0.18118466898954702
1605,華新麗華 WALSIN,457993.591,5685591.857,10.95,11.95,12.41,3069200.422,3069200.422,30692.00422,-0.08368200836820085
1608,華榮 HE,125862.969,1508354.524,10.9,11.5,11.98,632773.506,632773.506,6327.735060000001,-0.05217391304347823
1609,大亞電纜 TA YA,86843.155,762591.557,8,8.65,8.78,574341.189,574341.189,5743.41189,-0.07514450867052026
1611,中國電器 CE,46216.254,1064119.33,20.05,25,23.02,381717.54,381717.54,3817.1754,-0.19799999999999998
1612,宏泰電工 Hong Tai,66098.838,963341.176,12.85,14.15,14.57,324151.063,324151.063,3241.51063,-0.09187279151943467
1614,三洋電機 SANYO,11527.792,398026.085,31.9,34.1,34.53,316604.007,316604.007,3166.04007,-0.06451612903225815
1615,大山電纜 Dah San,7525.504,102934.134,12.7,13.35,13.68,96850.029,96850.029,968.50029,-0.048689138576779055
1616,億泰電纜 Evertop,27540.214,204400.185,6.96,7.33,7.42,194148.515,194148.515,1941.48515,-0.050477489768076415
1617,榮星電線 JSW,5284.546,41325.298,7.48,7.5,7.82,118108.054,118108.054,1181.08054,-0.0026666666666666098
1618,合機電纜 Hold-Key,91452.003,2084299.439,20.35,22.5,22.79,233849.208,233849.208,2338.49208,-0.09555555555555549
1802,臺灣玻璃 Taiwan Glass,81123.824,2294613.419,26.75,26.2,28.29,2008522.744,2008522.744,20085.22744,0.02099236641221377
1806,冠軍 CHAMPION,153461.178,3099374.741,18.75,20.1,20.2,369199.184,369199.184,3691.99184,-0.06716417910447768
1809,中國製釉 China Glaze,81803.834,1672745.071,17.5,21.05,20.45,169728.527,169728.527,1697.28527,-0.16864608076009505
1810,和成欣業 HCG,47035.135,520570.608,10.85,11.4,11.07,377053.61,377053.61,3770.5361,-0.04824561403508778
1902,台灣紙業 TPPC,112425.314,1218208.103,9.91,10.65,10.84,335767.5,335767.5,3357.675,-0.0694835680751174
1903,士林紙業 Shihlin Paper,42062.531,3324465.895,71.1,79.6,79.04,260039.121,260039.121,2600.39121,-0.10678391959798995
1904,正隆 Cheng Loong,149092.133,1917337.353,12.1,12.65,12.86,1032084.847,1032084.847,10320.84847,-0.04347826086956527
1905,中華紙漿 CHP,178460.049,2775931.765,14.25,15,15.55,598440.113,598440.113,5984.40113,-0.05
1906,寶隆 P.L,18910.442,154115.87,7.66,7.37,8.15,151000.0,151000.0,1510.0,0.03934871099050204
1907,永豐餘 YFY,146444.544,1999792.482,12.35,14,13.66,1603758.81,1603758.81,16037.5881,-0.11785714285714288
1909,榮成紙業 LCP,94402.554,1046001.815,10.25,10.95,11.08,697113.309,697113.309,6971.13309,-0.06392694063926935
1532,勤美 CMP,70849.715,3328753.477,43,44.9,46.98,276901.686,258059.731,2769.01686,-0.042316258351893066
2002A,中國鋼鐵        (特 別) China Steel preferred,420,16213.45,37.8,37.9,38.6,38268.0,38268.0,382.68,-0.002638522427440671
2006,東和鋼鐵 Tung Ho Steel,264156.719,9700491.181,35.7,34.65,36.72,947072.482,947072.482,9470.72482,0.03030303030303043
2007,燁興 YH,65309.308,537526.226,7.57,6.74,8.23,618285.895,197452.324,6182.85895,0.12314540059347182
2009,第一伸銅 First Copper Technology,134295.158,1961325.483,13.45,13.15,14.6,359622.165,359622.165,3596.22165,0.022813688212927674
2010,春源鋼鐵 Chun Yuan Steel,92488.853,1330954.821,12.65,14.6,14.39,593417.069,593417.069,5934.170690000001,-0.1335616438356164
2012,春雨工廠 Chun Yu,67692.184,716042.716,9.55,9.8,10.58,287774.0,287774.0,2877.74,-0.02551020408163265
2013,中鋼構 CSSC,54196.641,1458701.065,24.9,24.8,26.91,160903.823,160903.823,1609.03823,0.004032258064516043
2015,豐興鋼鐵 FH,98510.908,5608561.133,52.2,54.1,56.93,581599.424,581599.424,5815.99424,-0.03512014787430681
2017,官田鋼 Quintain Steel,175123.45,1958724.094,10.3,10.7,11.18,338095.527,338095.527,3380.95527,-0.03738317757009333
2020,美亞 MAYER PIPE,62028.358,1656821.62,23.3,28.2,26.71,205413.484,205413.484,2054.13484,-0.1737588652482269
2022,聚亨 TYCOONS,479313.629,3679294.12,7.44,6.12,7.68,552230.397,552230.397,5522.30397,0.21568627450980396
2023,燁輝 YP,308917.656,4169316.596,12.2,12.95,13.5,1454219.247,1454219.247,14542.192469999998,-0.05791505791505792
2024,志聯工業 CHIH LIEN,38405.41,273455.717,6.55,6.25,7.12,93100.0,93100.0,931.0,0.04799999999999997
2027,大成鋼 TC,143138.591,3613151.092,23.5,25,25.24,467831.511,467831.511,4678.3151100000005,-0.06
2029,盛餘 Sheng Yu Steel,16423.865,391229.18,22.45,23.7,23.82,321180.0,321180.0,3211.8,-0.052742616033755275
2030,彰源 FROCH,34349.39,602819.97,16.05,17.55,17.55,272881.931,272881.931,2728.8193099999994,-0.08547008547008547
2031,新光鋼鐵 Hsin Kuang Steel,146995.72,5212877.56,32.5,34.35,35.46,272166.941,272166.941,2721.66941,-0.05385735080058228
2032,新鋼工業 Sinkang,74874.962,1726460.335,22.1,19.95,23.06,126695.345,126695.345,1266.95345,0.10776942355889735
2033,佳大世界 Chia Ta,12935.025,283226.383,18.5,23,21.9,80694.536,80694.536,806.9453599999998,-0.1956521739130435
2034,允強 Yeun Chyang Industrial,89754.798,2480668.651,24.95,27.5,27.64,369231.653,369231.653,3692.31653,-0.09272727272727276
2038,海光企業 HAIKWANG,37480.757,812485.79,21.2,19.75,21.68,174000.0,174000.0,1740.0,0.0734177215189873
9958,世紀鋼 CIAS,43322.136,553416.771,12.05,12.25,12.77,131606.382,131606.382,1316.06382,-0.01632653061224484
2101,南港輪胎 Nan Kang Rubber Tire,545458.853,25226015.377,44.8,41.5,46.25,677144.78,677144.78,6771.447800000001,0.07951807228915656
2102,泰豐輪胎 FEDERAL CORP,168013.935,4662146.215,24.6,27.5,27.75,335424.195,335424.195,3354.24195,-0.1054545454545454
2103,台橡 TSRC,98069.679,4007335.7,38.25,39.55,40.86,649909.469,649909.469,6499.094690000001,-0.03286978508217439
2104,中國橡膠 China Synthetic Rubber,99373.095,3335475.016,30.95,34.2,33.57,549224.105,549224.105,5492.24105,-0.09502923976608196
2105,正新橡膠 CST,245858.64,16618774.88,61.5,73.5,67.59,1648317.079,1648317.079,16483.17079,-0.16326530612244897
2106,建大工業 Kenda Rubber Ind.,68254.468,2496144.192,32.7,38.55,36.57,552600.0,552600.0,5526.0,-0.1517509727626458
2107,厚生 Formosan Rubber Group,323696.489,9835795.253,27,29.35,30.39,503652.432,503652.432,5036.52432,-0.08006814310051112
2108,南帝化工 Nantex,48701.201,1115509.018,21.1,24.4,22.91,316154.532,316154.532,3161.54532,-0.13524590163934416
2109,華豐橡膠 Hwa Fong,91200.166,1530722.395,14.7,17.5,16.78,322356.731,322356.731,3223.5673100000004,-0.16000000000000003
2201,裕隆汽車 Yulon Motor,207086.192,7560069.991,32.2,37.7,36.51,1570435.418,1570435.418,15704.35418,-0.1458885941644562
2204,中華汽車 China-Motor,151717.201,3247997.558,18.5,22.4,21.41,1391300.854,1391300.854,13913.00854,-0.1741071428571428
2206,三陽工業 Sanyang Industry,117239.095,1613236.999,12.1,13.8,13.76,845638.5,845638.5,8456.385,-0.12318840579710152
2207,和泰汽車 Hotai Motor,4003.737,295084.993,69.9,76.9,73.7,546179.184,546179.184,5461.79184,-0.09102730819245773
2227,裕日車 YNM,3957.212,275841.171,62.2,76.5,69.71,300000.0,300000.0,3000.0,-0.18692810457516337
1436,福益 FUI,7614.962,68604.042,8.57,8.79,9.01,330000.0,330000.0,3300.0,-0.025028441410693842
1442,名軒 ADVANCETEK,32789.844,632606.203,19.55,17.25,19.29,172808.445,172808.445,1728.0844500000003,0.1333333333333334
1808,國賓大 KOBIN,25124.572,554420.474,19.9,20.5,22.07,113216.0,113216.0,1132.16,-0.029268292682926897
2501,國建 Cathay Const.,319753.02,4725067.457,14.15,13.2,14.78,1656515.798,1656515.798,16565.15798,0.07196969696969706
2504,國產 CATHAYRED GDC,444194.232,6880824.1,13.45,14.75,15.49,1474760.565,1474760.565,14747.605649999998,-0.08813559322033904
2505,國揚 Ky,544193.834,11912191.732,24.15,16.35,21.89,442600.0,404600.0,4426.0,0.47706422018348604
2509,全坤建 CHAINQUI,48623.829,1306004.543,27.75,25.25,26.86,150038.454,150038.454,1500.38454,0.09900990099009901
2511,太子 PHD,292985.022,4884415.323,15.25,15.25,16.67,957910.798,957910.798,9579.10798,0.0
2515,中工 BES,310816.344,2733700.645,8,8.69,8.8,1525017.485,1525017.485,15250.17485,-0.07940161104718062
2516,新建 New Asia,18723.795,146810.296,7,7.95,7.84,209179.91,209179.91,2091.7991,-0.11949685534591196
2520,冠德 Kindom,327947.284,9866831.576,26.4,27,30.09,489403.671,489403.671,4894.03671,-0.022222222222222275
2524,京城 KTC,56047.295,1925579.418,29.3,32.5,34.36,305849.633,305849.633,3058.4963299999995,-0.09846153846153843
2527,宏璟 Hung Ching,146772.412,3135564.283,20.4,17.8,21.36,270306.0,270306.0,2703.06,0.14606741573033696
2530,華建 Delpha Construction,119428.132,1478305.589,11.6,10.95,12.38,253891.529,239392.154,2538.91529,0.059360730593607344
2534,宏盛 HSC,429732.965,8222917.245,19.3,15.7,19.13,556159.12,556159.12,5561.5912,0.22929936305732493
2535,達欣工 DA CIN,63215.637,1413432.376,19.5,20.8,22.36,276562.04,276562.04,2765.6204,-0.06250000000000003
2536,宏普 Hung Poo,53535.526,2727801.762,45.6,51.4,50.95,289930.64,289930.64,2899.3064000000004,-0.11284046692606998
2537,聯上開發 WE &WIN,10139.39,181082.385,17.1,12.15,17.86,31797.166,20097.166,317.97166000000004,0.4074074074074075
2538,基泰 Kee Tai,183608.476,3293263.446,16.3,16.15,17.94,367147.179,331379.714,3671.47179,0.00928792569659456
2539,櫻建 SAKURAD,747.645,20972.484,26.75,29.25,28.05,22000.0,13750.0,220.0,-0.08547008547008547
2542,興富發 Highwealth,318241.083,16242008.714,49.1,47.25,51.04,670327.355,670327.355,6703.27355,0.03915343915343918
2543,皇昌 Hwang Chang,94375.348,729149.218,6.71,6.25,7.73,181204.788,181204.788,1812.04788,0.0736
2545,皇翔 Huang Hsiang,98934.806,6346578.377,56.4,61.5,64.15,327734.808,327734.808,3277.34808,-0.0829268292682927
2546,根基 Kedge,9085.172,229119.786,23.2,25.7,25.22,66375.982,66375.982,663.7598200000001,-0.09727626459143969
2547,日勝生 Radium,262104.021,7598855.771,26.6,26.9,28.99,614912.272,614912.272,6149.122719999999,-0.011152416356877219
2548,華固 HUAKU,90417.125,7892612.2,80.3,81.4,87.29,241433.41,241433.41,2414.3341,-0.013513513513513617
2841,台開 TDC,161402.362,2275299.93,12.45,13.5,14.1,394419.033,394419.033,3944.19033,-0.07777777777777783
5515,建國 CHIEN KUO,68651.931,1317439.103,17.4,18.9,19.19,292782.114,292782.114,2927.82114,-0.07936507936507937
5522,遠雄建設 Farglory,94599.903,7131066.16,68,70.8,75.38,706383.328,706383.328,7063.833279999999,-0.03954802259887002
5525,順天 SWEETEN,27370.789,535302.963,17.2,18.15,19.56,210138.975,210138.975,2101.38975,-0.05234159779614322
5531,鄉林建設 SHINING,54703.275,2095692.579,35,37.2,38.31,369514.011,369514.011,3695.14011,-0.05913978494623663
5533,皇鼎建設 FOUNDING,31968.202,849666.051,24.3,26.2,26.58,177775.293,177775.293,1777.75293,-0.0725190839694656
5534,長虹 CHONG HONG,49073.55,3419471.074,62,64.9,69.68,226319.186,226319.186,2263.19186,-0.04468412942989222
2208,台船公司 CSBC,137523.329,4267048.412,28.6,30.6,31.03,672793.98,672793.98,6727.9398,-0.06535947712418301
2601,益航 FSC,124102.418,6463703.132,47.25,50.4,52.08,268606.8,268606.8,2686.068,-0.06249999999999997
2603,長榮 EMC,309813.731,5921845.09,18.5,17.85,19.11,3060938.941,3060938.941,30609.38941,0.03641456582633045
2605,新興 SNC,117228.93,5037019.626,39.5,42.5,42.97,568304.171,568304.171,5683.04171,-0.07058823529411765
2606,裕民 U-Ming,165834.458,11098504.421,60.9,65,66.93,858016.712,858016.712,8580.167120000002,-0.0630769230769231
2607,榮運 EITC,308050.017,8958128.794,25.25,28.6,29.08,1067141.094,1067141.094,10671.410940000002,-0.11713286713286718
2608,大榮 T.JOIN,23787.911,548141.865,21,22.95,23.04,483582.498,483582.498,4835.82498,-0.08496732026143788
2609,陽明 YMTC,274713.497,3426507.13,11.5,12.15,12.47,2562466.476,2562466.476,25624.66476,-0.0534979423868313
2610,華航 CAL,402335.322,4521559.784,10.7,11.35,11.24,3969338.389,3969338.389,39693.38389,-0.05726872246696039
2611,志信 TSI,3308.9,46946.414,13.1,14.2,14.19,181395.376,181395.376,1813.95376,-0.07746478873239435
2612,中航 CMT,35309.364,3161273.168,82.9,89.3,89.53,256473.497,256473.497,2564.7349700000004,-0.07166853303471435
2613,中櫃 CCTC,28998.614,574662.478,17.45,18.55,19.82,89001.0,89001.0,890.01,-0.05929919137466315
2614,東森科 EMIC,371002.383,2941471.133,7.33,7.57,7.93,1418530.68,1418530.68,14185.306799999998,-0.03170409511228536
2615,萬海 WANHAI,67684.166,1158187.246,16,17.15,17.11,2112664.254,2112664.254,21126.642540000004,-0.06705539358600575
2617,台航 TAIWANLINE,50582.285,2363639.035,40.65,46.6,46.73,417294.487,417294.487,4172.94487,-0.12768240343347645
2618,長榮航 EVAAIR,231344.551,3155541.021,12.6,14.1,13.64,2962677.277,2962677.277,29626.77277,-0.10638297872340426
5607,遠雄港 Farglory FTZ,90320.565,3298760.015,30.8,34.1,36.52,169979.1,169979.1,1699.791,-0.09677419354838711
5608,四維航 S. W.,35286.088,1616658.966,41.5,45.95,45.82,366350.031,356350.031,3663.50031,-0.09684439608269864
2701,萬企 WANHWA,19026.111,327199.065,17.2,14.7,17.2,307700.552,307700.552,3077.0055200000006,0.17006802721088435
2702,華園 HG,4150.276,130751.752,28.6,33.2,31.5,69273.16,69273.16,692.7316000000001,-0.1385542168674699
2704,國賓 AMBH,64135.43,2463658.64,36,39.35,38.41,366875.77,366875.77,3668.7577,-0.08513341804320207
2705,六福 LEOFOO,90638.264,1823466.808,18.9,20.1,20.12,290241.001,290241.001,2902.41001,-0.05970149253731357
2706,第一店 First Hotel,31924.292,881198.771,26.65,26.6,27.6,283321.513,283321.513,2833.21513,0.0018796992481201937
2707,晶華酒店 GFRT,5037.127,1988597.223,362.5,410.5,394.79,72600.0,72600.0,726.0,-0.11693057247259439
8940,新天地 New Palace,3615.898,85652.533,21.9,24.35,23.69,63936.181,63936.181,639.36181,-0.10061601642710484
2801,彰銀 C.H.B,236751.829,3592845.554,14.45,15.25,15.18,4809475.6,4809475.6,48094.756,-0.05245901639344267
2809,京城銀 KTB,22657.63,203140.413,8.07,9.18,8.97,1051234.265,1051234.265,10512.34265,-0.12091503267973851
2812,中商銀 TCCB,84044.31,729343.129,7.92,8.36,8.68,1371900.576,1371900.576,13719.005759999998,-0.05263157894736836
2816,旺旺保險 UNION INS.,7534.832,220065.363,25.65,31.1,29.21,220000.0,38393.686,2200.0,-0.17524115755627018
2820,華票 CBF,206161.27,1942531.915,9.12,9.16,9.42,1678700.0,1678700.0,16787.0,-0.004366812227074336
2823,中國人壽 CHINA LIFE,232560.589,5632493.458,21.75,24.85,24.22,1501416.4,1371416.4,15014.164,-0.1247484909456741
2832,台灣產物 TFMI,48588.258,1349063.551,25.3,27,27.77,316857.0,316857.0,3168.57,-0.06296296296296294
2834,台灣企銀 TBB,521838.163,4351975.2,8.28,8.31,8.34,3873598.0,3873598.0,38735.98,-0.003610108303249234
2836,高雄銀行 B.O.K,79982.015,927519.85,10.7,10.45,11.6,525798.195,525798.195,5257.981949999999,0.023923444976076555
2845,遠東商銀 FEIB,102826.702,1206355.884,10.2,12,11.73,1933797.463,1552592.986,19337.97463,-0.15000000000000005
2849,安泰商銀 ETB,6280.22,57856.298,8.11,9.26,9.21,1503206.919,894796.648,15032.06919,-0.12419006479481645
2850,新光產險 SK Insurance,87202.617,1774268.119,20.5,18.1,20.35,315963.3,315963.3,3159.633,0.13259668508287284
2851,中再保 C.R.C.,8982.481,120463.957,12.6,13.6,13.41,551250.0,551250.0,5512.5,-0.07352941176470588
2852,第一保 First Ins.,6439.05,78526.262,11.35,12.35,12.2,301163.784,301163.784,3011.63784,-0.08097165991902834
2855,統一證券 PSC,80556.978,1707597.374,18.75,22,21.2,1185706.19,1185706.19,11857.0619,-0.14772727272727273
2880,華南金 HNFHC,99090.307,1940562.056,18.55,20.15,19.58,6272301.192,6272301.192,62723.01192,-0.0794044665012406
2883,開發金 CDIBH,777938.473,7638153.561,8.88,9.8,9.82,11217204.996,11217204.996,112172.04996,-0.09387755102040815
2884,玉山金 E.SUN FHC,172810.893,2269861.604,12,13.35,13.13,3652800.0,3652800.0,36528.0,-0.10112359550561795
2885,元大金 Yuanta Group,753364.423,16740698.229,20.4,23.5,22.22,8102105.686,8102105.686,81021.05686,-0.13191489361702133
2886,兆豐金 MEGA FHC,439102.328,8039489.773,17.3,18.5,18.31,11059426.238,11059426.238,110594.26238,-0.06486486486486483
2889,國票金 Waterland Holdings,380075.382,4053923.941,10.15,10.4,10.67,2194714.321,2194714.321,21947.14321,-0.024038461538461536
2890,永豐金控 SINOPACHOLDINGS,630050.888,7416368.579,10.55,12.9,11.77,6991151.095,6991151.095,69911.51095,-0.18217054263565888
2892,第一金 FFHC,351027.137,6726466.458,17.9,19.85,19.16,6318853.799,6318853.799,63188.53799,-0.09823677581863993
6005,群益證 CSC,297328.725,5607172.524,16.55,19.8,18.86,1610786.0,1610786.0,16107.86,-0.16414141414141414
2901,欣欣大眾 Shin Shin,2946.848,75286.806,24.45,24.95,25.55,73043.283,73043.283,730.43283,-0.02004008016032064
2903,遠東百貨 FEDS,300257.69,10457566.333,30.6,36.7,34.83,1212325.814,1212325.814,12123.25814,-0.16621253405994554
2905,三 商 行 Mercuries,55837.398,961778.524,15.4,17.3,17.22,547973.871,547973.871,5479.7387100000005,-0.10982658959537574
2906,高林實業 Collins,23151.634,262101.29,11,11,11.32,248534.011,248534.011,2485.34011,0.0
2908,特力 Test Rite,101055.707,1814765.833,17.6,17.9,17.96,531222.872,531222.872,5312.22872,-0.016759776536312693
2910,統領百貨 TONLIN,459.659,11213.114,23,23.8,24.39,208725.0,208725.0,2087.25,-0.03361344537815129
2911,麗嬰房 LES,84515.009,3122287.833,32.4,35.6,36.94,169602.639,169602.639,1696.02639,-0.08988764044943828
2912,統一超商 PCSC,36709.912,2765999.714,73.5,76.1,75.35,1039622.255,1039622.255,10396.22255,-0.03416557161629428
2913,臺灣農林 TTC,198666.961,4187948.087,18.25,20.35,21.08,532000.0,431935.788,5320.0,-0.10319410319410326
2915,潤泰全球 RUENTEX IND. LTD,201154.979,11732856.731,54.2,57.5,58.33,711434.323,711434.323,7114.34323,-0.057391304347826036
1708,東鹼 Sesoda,117120.592,4051976.662,30,33.15,34.6,157839.673,157839.673,1578.39673,-0.09502262443438911
1709,和益化工 FUCC,26909.652,389709.207,12.95,14.7,14.48,309344.154,309344.154,3093.4415400000003,-0.11904761904761905
1710,東聯化學 OUCC,294799.364,8296329.301,24.3,25.6,28.14,805184.572,805184.572,8051.84572,-0.05078125000000003
1711,永光化學 EVERLIGHT,77069.054,2417384.285,26.85,33.2,31.37,389747.0,389747.0,3897.47,-0.19126506024096387
1712,興農 Sinon,157960.43,2335306.167,13,14.5,14.78,352692.039,352692.039,3526.92039,-0.10344827586206896
1713,國泰化工 Cathay Chemical,29595.595,367833.056,11,12.15,12.43,150951.7,150951.7,1509.517,-0.0946502057613169
1714,和桐化學 HO TUNG,329764.712,5931018.982,16.3,18.3,17.99,637860.874,637860.874,6378.60874,-0.1092896174863388
1717,長興化學 ETERNAL,55795.349,1845822.482,31,33.75,33.08,900133.435,900133.435,9001.334350000001,-0.08148148148148149
1718,中國人纖 CMFC,407180.912,3489074.607,7.35,7.1,8.57,1410590.246,859046.12,14105.90246,0.035211267605633804
1721,三晃 Sunko Ink,39678.283,659935.851,14.5,13.8,16.63,73676.977,56125.777,736.76977,0.05072463768115937
1722,台灣肥料 Taiwan Fertilizer,122286.974,14366722.146,104.5,114,117.48,980000.0,980000.0,9800.0,-0.08333333333333333
1723,中鋼碳素 CSCC,21282.419,1809758.975,83,87,85.04,236904.48,236904.48,2369.0448,-0.04597701149425287
1724,台硝 T.N.C.,13279.441,171166.866,11.65,12.7,12.89,127813.9,127813.9,1278.139,-0.08267716535433063
1725,元禎 YJE,472.854,9064.63,18.2,19.3,19.17,137154.0,137154.0,1371.54,-0.05699481865284981
1726,永記造漆 YCP,2346.651,105430.255,43,44.95,44.93,162000.0,162000.0,1620.0,-0.04338153503893221
1727,中華化 CHCIW,50880.709,1188679.16,20,23.55,23.36,74200.0,74200.0,742.0,-0.1507430997876858
1730,花仙子 FARCENT,7374.021,123810.395,14.4,17.25,16.79,53481.168,53481.168,534.8116799999999,-0.16521739130434782
1732,毛寶 Mao Bao,8537.075,147503.193,14.35,17.7,17.28,42443.957,42443.957,424.43957,-0.18926553672316382
1735,日勝化工 EMC,21069.963,381949.421,16.45,18.55,18.13,93288.0,82888.0,932.88,-0.11320754716981139
1737,臺鹽 TAIYEN,45640.907,949158.518,19,20.75,20.8,278095.5,278095.5,2780.955,-0.08433734939759036
1773,勝一化工 SHINY,19962.928,734068.507,34.2,36,36.77,133500.0,133500.0,1335.0,-0.04999999999999992
4725,信昌化工 TPCC,8190.245,271330.777,29.4,32.2,33.13,291975.0,291975.0,2919.75,-0.08695652173913056
1701,中國化學 CCPC,67245.06,1536394.532,18.95,24.2,22.85,298081.08,298081.08,2980.8108,-0.21694214876033058
1707,葡萄王 Grape King,66271.829,3089831.905,40.5,49.8,46.62,130235.04,130235.04,1302.3503999999998,-0.1867469879518072
1720,生達化學 S.C.P.C,12021.808,335446.142,25.75,28.35,27.9,156111.431,156111.431,1561.1143100000002,-0.0917107583774251
1731,美吾華 Maywufa,18201.757,314029.349,14.6,17.65,17.25,107201.214,107201.214,1072.01214,-0.17280453257790362
1733,五鼎 ApexBio,26296.221,1631961.162,57.4,63.9,62.06,95531.42,95531.42,955.3142,-0.10172143974960876
1734,杏輝藥品 SINPHAR,19316.273,574582.792,27.5,31,29.75,118262.536,118262.536,1182.6253599999998,-0.11290322580645161
1736,喬山 JHT,13061.261,597876.088,39.7,49.6,45.77,194361.0,194361.0,1943.61,-0.19959677419354835
4104,佳醫 EXCELSIOR,23972.709,1726309.581,66.7,80,72.01,92991.295,92991.295,929.91295,-0.16624999999999995
4106,雃博 APEX,8785.255,289284.338,30.4,34.4,32.93,72195.287,72195.287,721.95287,-0.11627906976744186
4108,懷特 PhytoHealth,16640.422,691614.015,37.1,43.9,41.56,118249.5,118249.5,1182.495,-0.1548974943052391
4119,旭富 SCI,3173.22,224240.106,66.6,73.4,70.67,40351.172,40351.172,403.51172,-0.09264305177111731
4133,亞諾法 Abnova,16110.537,1646188.252,90.2,113.5,102.18,59546.897,59546.897,595.46897,-0.20528634361233478
2616,山隆 SLC,22427.265,372041.793,15.3,16.05,16.59,104151.919,104151.919,1041.51919,-0.04672897196261682
6505,台塑化 FPCC,46795.078,3909791.656,80.5,82.4,83.55,9525959.652,9525959.652,95259.59652,-0.023058252427184532
8926,台汽電 TCC,38132.649,649684.694,16.15,17.6,17.04,529339.14,529339.14,5293.3914,-0.08238636363636379
9908,大台北瓦斯 GTG,18606.505,324980.961,17.6,17,17.47,516358.0,516358.0,5163.58,0.035294117647058906
9918,欣天然 S.S.N.G.,587.116,15430.583,26.5,25.5,26.28,170318.352,170318.352,1703.18352,0.0392156862745098
9926,新海瓦斯 S.H.,413.624,10946.91,26.2,26.6,26.47,128232.0,128232.0,1282.32,-0.015037593984962485
9931,欣高 Hsin Kao,113.785,2053.253,18,18.5,18.05,94676.4,94676.4,946.764,-0.02702702702702703
9937,全國加油站 NPC,20015.357,726540.271,34.2,38.9,36.3,309043.0,309043.0,3090.43,-0.12082262210796904
1437,勤益 GTM,80280.872,1884680.966,20.65,22.65,23.48,203964.937,203964.937,2039.64937,-0.08830022075055188
2302,麗正 Rectron,18446.245,127589.943,6.43,7.06,6.92,157328.3,72954.78,1573.283,-0.08923512747875353
2303,聯電 UMC,1349805.907,23801760.757,16.05,17.2,17.63,12987771.315,12987771.315,129877.71315,-0.066860465116279
2329,華泰 OSE,141455.167,1527245.46,8.18,12.5,10.8,606015.782,459956.574,6060.15782,-0.3456
2330,台積電 TSMC,1018778.395,63521867.004,61.5,64.5,62.35,25900662.339,25900662.339,259006.62339,-0.046511627906976744
2338,光罩 TMC,41842.077,566245.901,12.15,13.95,13.53,338908.953,338908.953,3389.08953,-0.12903225806451607
2344,華邦電 WEC,718736.783,6493322.429,7.9,9.77,9.03,3656497.193,3656497.193,36564.97193,-0.19140225179119746
2351,順德 SDI Corporation,19919.363,817679.325,36,45.25,41.05,173558.249,173558.249,1735.5824900000002,-0.20441988950276244
2363,矽統 SiS,264381.145,6413853.95,22.7,24.8,24.26,707870.976,707870.976,7078.70976,-0.08467741935483876
2369,菱生 LPI,145675.904,2371433.611,14.7,15.8,16.28,346433.866,346433.866,3464.33866,-0.06962025316455706
2379,瑞昱 RT,147644.035,13676123.306,87.8,94.5,92.63,476953.742,476953.742,4769.53742,-0.07089947089947093
2401,凌陽 Sunplus,148835.266,4778726.829,30.15,34.95,32.11,596909.919,596909.919,5969.09919,-0.13733905579399153
2425,承啟 CHAINTECH,60389.223,1415932.365,20.15,24.8,23.45,76852.263,76852.263,768.5226300000002,-0.18750000000000008
2436,偉詮電 Weltrend,122580.219,3657212.324,26.25,32.15,29.84,246800.0,246800.0,2468.0,-0.18351477449455672
2441,超豐 GTK,119109.149,3947052.497,30.3,32.75,33.14,540337.864,540337.864,5403.37864,-0.07480916030534349
2449,京元電 KYEC,433045.226,6915327.6,15.1,15.2,15.97,1247287.576,1247287.576,12472.875759999995,-0.00657894736842103
2451,創見 Transcend,55483.226,6154321.661,104,120,110.92,421865.844,418890.844,4218.658439999999,-0.13333333333333333
2454,聯發科 MediaTek,115270.862,63329743.697,520,558,549.4,1090118.854,1090118.854,10901.18854,-0.06810035842293907
2458,義隆 Elan,446394.772,25246732.612,50.9,56.7,56.56,415936.017,415936.017,4159.36017,-0.10229276895943569
2481,強茂 Pan Jit,237816.467,6644145.357,26.2,26.85,27.94,326335.282,326335.282,3263.3528200000005,-0.024208566108007527
3006,晶豪科 ESMT,108850.393,5578179.765,43.4,56.6,51.25,242340.394,242340.394,2423.40394,-0.23321554770318026
3014,聯陽 ITE,98389.358,6749974.401,59.5,72.5,68.6,201501.497,201501.497,2015.01497,-0.1793103448275862
3016,嘉晶 PRECISION,21544.312,756528.388,31.4,38,35.11,78518.633,78518.633,785.1863300000001,-0.17368421052631583
3034,聯詠 NOVATEK,142360.165,14341253.528,94.3,107,100.74,595661.328,595661.328,5956.61328,-0.11869158878504675
3035,智原 Faraday,233929.7,15389821.89,62.9,69.2,65.79,365936.533,365334.283,3659.36533,-0.09104046242774572
3041,揚智 Ali,135659.454,9541955.277,63.3,77.5,70.34,303949.071,303949.071,3039.49071,-0.18322580645161293
3056,駿億 KB,4672.354,121725.059,27.65,26.7,26.05,32656.072,19812.322,326.56071999999995,0.035580524344569264
3094,聯傑國際 DAVICOM,43274.419,2026349.275,41.4,49.7,46.83,81163.144,81163.144,811.63144,-0.16700201207243467
3189,景碩 KINSUS,165258.656,13953450.634,80.5,85.6,84.43,446000.0,446000.0,4460.0,-0.059579439252336386
3443,創意 GUC,29073.056,4569414.986,146.5,169.5,157.17,131503.911,131503.911,1315.03911,-0.13569321533923304
3532,台勝科 FST,11254.994,1067275.25,88.2,86.3,94.83,775696.599,775696.599,7756.965990000001,0.022016222479721965
3545,旭曜 Orisetech,50149.568,3446642.549,57,79.5,68.73,134330.6,134330.6,1343.306,-0.2830188679245283
3588,通嘉 LD,16320.221,3196125.148,178,205.5,195.84,39843.121,39843.121,398.43121,-0.13381995133819952
5471,松翰 SONIX,60416.322,4918585.449,73.7,86.7,81.41,167877.071,167877.062,1678.77071,-0.14994232987312572
6202,盛群 HOLTEK,42203.176,1782672.609,40,46.05,42.24,222301.45,222301.45,2223.0145,-0.13137893593919647
6239,力成 PTI,124892.454,13623217.731,102.5,108.5,109.08,669385.183,669385.183,6693.8518300000005,-0.055299539170506916
6243,迅杰 ENE,23792.678,1666352.385,61.4,73,70.04,66040.776,66040.776,660.40776,-0.1589041095890411
6257,矽格 SIGURD,97198.58,1946816.129,17.7,20.65,20.03,313648.104,313648.104,3136.48104,-0.14285714285714282
6271,同欣電子 THEIL,46797.849,5332283.716,112,113.5,113.94,125017.531,125017.531,1250.17531,-0.013215859030837005
8016,矽創 Sitronix,31570.118,1991770.747,57,65,63.09,115316.129,111567.89,1153.16129,-0.12307692307692308
8081,致新 GMT,37621.305,6443746.477,156.5,187,171.28,85735.612,82207.485,857.3561199999999,-0.16310160427807488
8110,華東科技 WALTON,212758.233,3567226.914,15.05,16.8,16.77,490790.713,490790.713,4907.90713,-0.10416666666666666
8131,福懋科技 FATC,56887.846,2851869.484,46.5,48,50.13,442222.223,442222.223,4422.22223,-0.03125
8261,富鼎先進 APEC,131645.432,5568707.828,38.5,42.7,42.3,135537.847,135537.847,1355.37847,-0.09836065573770497
1604,聲寶 Sampo,122478.085,735407.933,5.48,6.08,6,876390.0,876390.0,8763.9,-0.09868421052631574
2301,光寶科 LTC,158686.107,7235721.143,40.7,48.05,45.6,2262118.017,2262118.017,22621.180170000003,-0.1529656607700311
2305,全友 MII,20623.627,111302.29,5.08,5.09,5.4,205660.827,169420.827,2056.60827,-0.001964636542239644
2324,仁寶 Compal,723264.158,33070586.118,44.6,44.35,45.72,3979414.646,3979414.646,39794.14646,0.005636978579481398
2331,精英 Elitegroup,277220.674,4149626.334,13.3,15.25,14.97,1233193.691,1233193.691,12331.93691,-0.12786885245901636
2352,佳世達 Qisda,374891.4,7340265.57,16.65,20.05,19.58,1928217.606,1683984.246,19282.17606,-0.16957605985037416
2353,宏碁 ACER,313831.221,30493410.023,89.7,96.2,97.16,2688228.278,2688228.278,26882.28278,-0.06756756756756757
2356,英業達 Inventec,271878.607,5323766.233,18.35,19.2,19.58,2821426.026,2821426.026,28214.260260000003,-0.044270833333333225
2357,華碩 Asustek,562292.175,36582861.357,62,61.8,65.06,4246777.484,4246777.484,42467.774840000005,0.0032362459546926028
2358,美格 MAG,8075.203,146416.903,15.6,18.4,18.13,65000.0,30000.0,650.0,-0.15217391304347822
2362,藍天 CLEVO,121321.857,7154398.6,58.2,52,58.97,655600.0,655600.0,6556.0,0.11923076923076928
2365,昆盈 KYE,56763.07,1814633.427,29,33.5,31.97,290387.276,290387.276,2903.87276,-0.13432835820895522
2376,技嘉 GIGABYTE,158147.172,5000124.761,30.5,31.35,31.62,629133.886,629133.886,6291.338860000001,-0.027113237639553475
2377,微星 MSI,274244.62,5907724.171,20,21.1,21.54,1068667.199,1068667.199,10686.67199,-0.052132701421801014
2380,虹光 Avision,55538.117,937405.047,15.5,16,16.88,224230.6,224230.6,2242.306,-0.03125
2382,廣達 QCI,247657.24,16906643.705,63.9,69.6,68.27,3781976.067,3781976.067,37819.76067,-0.08189655172413787
2385,群光 Chicony,131385.34,11011070.99,78.9,77.6,83.81,591277.832,591277.832,5912.77832,0.016752577319587778
2387,精元 Sunrex,55682.038,2053750.16,34.05,37.35,36.88,372939.328,372939.328,3729.39328,-0.08835341365461859
2395,研華 Advantech,26755.344,1864398.242,65,71.8,69.68,516133.748,516133.748,5161.33748,-0.09470752089136486
2397,友通 DFI,10943.351,458664.544,38.1,43.1,41.91,121094.857,121094.857,1210.94857,-0.11600928074245939
2399,映泰 Biostar,42864.649,1046339.563,22.5,25.3,24.41,178100.0,178100.0,1781.0,-0.11067193675889331
2405,浩鑫 Shuttle,82624.628,2397365.504,26.2,32.8,29.02,202158.303,202158.303,2021.58303,-0.2012195121951219
2417,圓剛 AVerMedia,115950.662,5100966.257,40.55,43.95,43.99,225896.33,225896.33,2258.9633,-0.07736063708759967
2424,隴華 Lung Hwa,4647.981,74037.011,12.9,16.2,15.93,40000.0,40000.0,400.0,-0.20370370370370364
2442,美齊 Jean,34818.355,721265.859,18.1,21.8,20.72,156400.0,156400.0,1564.0,-0.1697247706422018
2465,麗臺 Leadtek,129068.962,1919989.313,14.4,11.85,14.88,152991.573,152991.573,1529.91573,0.21518987341772158
2474,可成 Catcher,171809.545,14103173.414,71.9,89.3,82.09,664908.517,664908.517,6649.08517,-0.19484882418812982
3002,歐格 Ahoku,16035.041,423795.626,24,27.75,26.43,102000.0,102000.0,1020.0,-0.13513513513513514
3005,神基 MTC,109296.64,3099617.191,25.8,30.6,28.36,553079.281,553079.281,5530.79281,-0.15686274509803924
3013,晟銘電 UNEEC,98443.758,1453696.57,16.4,11,14.77,188081.018,188081.018,1880.81018,0.4909090909090908
3017,奇鋐 AVC,90376.653,3460894.359,35.3,40,38.29,271620.093,271620.093,2716.2009299999995,-0.11750000000000008
3022,威達電 IEI,56842.879,2192676.095,35.2,39.9,38.57,203194.593,203194.593,2031.94593,-0.11779448621553874
3054,萬國 CARRY,15452.749,422558.186,24.2,30.6,27.35,52603.505,52603.505,526.03505,-0.20915032679738568
3057,喬鼎 Promise.,101744.385,2757141.444,24.75,27.3,27.1,142549.375,142549.375,1425.49375,-0.09340659340659344
3060,銘異 MIN AIK,87785.995,4157252.211,45.65,45.55,47.36,146626.992,146626.992,1466.26992,0.0021953896816685275
3231,緯創 Wistron,344760.797,21988018.607,60.9,62.1,63.78,1850615.826,1822961.673,18506.15826,-0.019323671497584585
3494,誠研 HiTi,78087.451,3286302.67,40.5,32.9,42.08,111258.362,111258.362,1112.58362,0.23100303951367787
3515,華擎 ASROCK,11162.96,1608185.555,131,157.5,144.06,115041.629,115041.629,1150.41629,-0.16825396825396827
6117,迎廣 IN WIN,66432.855,1731728.771,23.3,19.55,26.07,88650.0,88650.0,886.5,0.1918158567774936
6128,上福 GPI,16353.072,826014.716,44.2,53.6,50.51,83788.459,83788.459,837.8845900000001,-0.1753731343283582
6166,凌華 ADLINK,10518.917,304798.132,27.15,29,28.98,119957.72,119957.72,1199.5772,-0.0637931034482759
6206,飛捷 FLYTECH,8911.54,750276.714,79.8,88.2,84.19,78694.001,78694.001,786.94001,-0.0952380952380953
6235,華孚科技 Waffer,72462.149,828094.365,10,11.4,11.43,232905.211,232905.211,2329.0521100000005,-0.12280701754385967
6277,宏正 ATEN,14544.221,952608.45,57.5,66.2,65.5,119471.166,119471.166,1194.71166,-0.13141993957703932
9912,偉聯科技 AIC,10037.011,110252.236,11.8,9.2,10.98,46087.361,46087.361,460.87361,0.2826086956521741
2323,中環 CMC,1217873.727,10821194.587,8.13,8.27,8.89,2849120.814,2849120.814,28491.208139999995,-0.01692865779927434
2340,光磊 OPTO,345181.669,10168277.475,26.2,28.6,29.46,526600.871,526600.871,5266.008710000001,-0.08391608391608399
2349,錸德 RITEK,1317237.062,11554485.967,8.14,8.8,8.77,2614498.937,2614498.937,26144.98937,-0.07500000000000001
2374,佳能 Ability,182459.523,11383966.445,56.5,62.8,62.39,437401.407,437401.407,4374.01407,-0.10031847133757958
2393,億光 Everlight,113607.718,12085464.322,98.4,120,106.38,410234.155,410234.155,4102.34155,-0.17999999999999997
2406,國碩 Gigastorage,178250.52,5939363.205,29.1,35.45,33.32,176934.269,176934.269,1769.34269,-0.17912552891396336
2409,友達 AUO,1396209.463,55043118.752,35.85,38.8,39.42,8827045.535,8637954.818,88270.45534999999,-0.07603092783505144
2426,鼎元 Tyntek,111240.569,3326215.834,26.75,31.25,29.9,341873.741,341823.741,3418.73741,-0.144
2448,晶元 Epistar,182560.252,20164486.115,101.5,120,110.45,768965.101,759607.144,7689.65101,-0.15416666666666667
2466,冠西電 Cosmo,8880.706,315482.451,31.95,32.65,35.52,132822.665,99822.665,1328.22665,-0.02143950995405817
2486,一詮 I-Chiun,99356.525,5212216.19,49.2,55.2,52.46,202204.922,202204.922,2022.04922,-0.10869565217391304
2489,瑞軒 Amtran,227459.811,8222334.157,31.95,38.45,36.15,741858.504,741858.504,7418.585039999999,-0.16905071521456444
2499,東貝 UNI,112050.228,6604425.975,51.7,63.6,58.94,259204.614,259204.614,2592.04614,-0.1871069182389937
3008,大立光 LARGAN,31544.655,12918707.397,417,421,409.54,134140.197,134140.197,1341.4019699999997,-0.009501187648456057
3019,亞洲光學 ASIA,255022.524,18679455.384,66.7,71.2,73.25,259127.514,259127.514,2591.27514,-0.06320224719101124
3024,憶聲 ACN,67410.261,927681.994,11.4,14.8,13.76,322143.2,322143.2,3221.432,-0.22972972972972974
3031,佰鴻 BRIGHT,55582.961,2559799.753,39.5,48.3,46.05,194682.4,194682.4,1946.824,-0.18219461697722564
3038,全台 EDT,56345.704,738283.658,11.8,14,13.1,211107.603,211107.603,2111.07603,-0.15714285714285708
3049,和鑫 SINTEK,605096.486,15653209.393,23,28.2,25.87,843589.786,843589.786,8435.89786,-0.18439716312056736
3050,鈺德 U-Tech,335174.673,5478490.88,15.8,14.05,16.35,211411.636,211411.636,2114.11636,0.12455516014234874
3059,華晶科 Altek,81004.624,5036853.267,56.8,65.2,62.18,374856.909,374856.909,3748.56909,-0.12883435582822095
3406,玉晶光 GENIUS,8488.945,447053.205,47.5,57,52.66,77039.063,77039.063,770.3906299999999,-0.16666666666666666
3481,群創 INNOLUX,928884.158,49293846.731,52.6,47.45,53.07,3244596.17,3244596.17,32445.9617,0.1085353003161222
3504,揚明光 Young Optics,89360.237,24811934.408,259.5,262,277.66,107314.785,107314.785,1073.14785,-0.009541984732824428
3535,晶彩科 Favite,110836.831,3719161.981,35,28.35,33.56,77819.619,77819.619,778.1961900000001,0.23456790123456783
3557,嘉威光電 Gamma,44849.595,1779301.791,35.75,41.7,39.67,99485.6,92953.058,994.856,-0.1426858513189449
3576,新日光 NSP,185431.813,12374890.759,61.5,80.8,66.74,210682.309,210682.309,2106.82309,-0.23886138613861382
3593,力銘科技 logah,80445.782,3726226.057,42.05,44.8,46.32,112743.058,112743.058,1127.43058,-0.061383928571428575
3622,洋華 YFO,55756.614,19491981.699,319,351.5,349.59,131643.0,131643.0,1316.43,-0.09246088193456614
5305,敦南 LSC,162936.198,3765971.3,20.3,24.15,23.11,447397.555,447397.555,4473.97555,-0.1594202898550724
5484,慧友 EverFocus,16484.582,444822.111,24.5,27.1,26.98,114322.796,114322.796,1143.22796,-0.09594095940959414
6120,輔祥 FORHOUSE,139127.312,5578394.249,33.7,44.8,40.1,296255.254,296255.254,2962.55254,-0.24776785714285704
6164,華興電子 LEDTECH,29454.72,852323.826,25.5,29.6,28.94,116111.942,116111.942,1161.11942,-0.13851351351351354
6168,宏齊 HARVATEK CORPOR,105444.031,3672360.696,31.8,33.7,34.83,183543.869,183543.869,1835.43869,-0.05637982195845703
6176,瑞儀 ROEC,103226.106,4749490.883,44.25,46.55,46.01,413520.699,413520.699,4135.206990000001,-0.049409237379162134
6209,今國光學 KINKO,169473.001,4263108.47,24.4,23.1,25.16,146108.814,146108.814,1461.08814,0.05627705627705615
6226,光鼎電子 Para Light,31498.17,534845.053,14.7,18.15,16.98,84699.249,84699.249,846.99249,-0.19008264462809915
8072,陞泰科技 AV TECH,23264.072,2645806.913,115.5,107.5,113.73,100000.0,100000.0,1000.0,0.07441860465116279
8105,凌巨 GiantPlus,73978.162,1514188.116,18.1,21.15,20.47,407528.104,254546.347,4075.28104,-0.14420803782505898
2314,台揚 MTI,363957.438,6735085.684,19.6,16.2,18.51,412968.203,412968.203,4129.68203,0.20987654320987667
2332,友訊 D-Link,242087.838,8386110.059,33.7,33.7,34.64,647580.265,647580.265,6475.8026500000005,0.0
2345,智邦 Accton,163646.595,2467133.677,14.2,15.55,15.08,505019.109,505019.109,5050.19109,-0.08681672025723482
2402,毅嘉 ICHIA,75944.195,1522490.032,17.8,21.9,20.05,330690.757,330690.757,3306.90757,-0.18721461187214603
2412,中華電信 CHT,-,-,-,-,-,10666488.999,10666488.999,106664.88999,
2419,仲琦 Hitron,98653.086,2224660.173,20.8,22.3,22.55,138688.361,138688.361,1386.88361,-0.06726457399103139
2439,美律 Merry,58957.232,3781296.829,61.8,66.7,64.14,159089.625,159089.625,1590.89625,-0.07346326836581718
2444,友旺 Abo-Com,17789.714,256652.763,12.1,16,14.43,124019.94,108601.26,1240.1994,-0.24375000000000002
2450,神腦 Senao,29188.222,1440715.111,46.5,48.1,49.36,248713.707,248713.707,2487.13707,-0.033264033264033294
2455,全新 VPEC,50376.57,3981154.908,70.9,87.8,79.03,137693.325,137676.325,1376.93325,-0.19248291571753978
2485,兆赫 Zinwell,209045.764,13344521.718,64.8,61.7,63.84,317689.037,317689.037,3176.89037,0.050243111831442366
2498,宏達電 HTC,194053.863,69867252.171,315,366.5,360.04,788935.844,788935.844,7889.35844,-0.14051841746248295
3025,星通 Loop,17329.071,355734.769,18.2,21.25,20.53,77639.65,77639.65,776.3965,-0.1435294117647059
3027,盛達 BILLION,32365.432,883719.248,23.35,28.3,27.3,96215.341,96215.341,962.15341,-0.17491166077738513
3045,台灣大哥大 TWM,85021.039,5227388.38,61.9,62.4,61.48,3800925.363,3800925.363,38009.25362999999,-0.008012820512820514
3047,訊舟 EDIMAX,164830.723,4417276.016,23,26.35,26.8,120566.195,120566.195,1205.6619500000002,-0.12713472485768507
3062,建漢 CyberTAN,109093.958,5299112.106,44.9,49.7,48.57,331267.418,331267.418,3312.67418,-0.09657947686116708
3311,閎暉 Silitech,26678.335,3048491.363,113,115,114.27,175943.774,175943.774,1759.43774,-0.017391304347826087
3380,明泰 Alpha,132755.16,3857832.105,28.05,28.15,29.06,464203.53,464203.53,4642.0353000000005,-0.0035523978685612035
3419,譁裕 WHAYU,30887.189,636492.388,19.2,19.9,20.61,79562.329,79562.329,795.62329,-0.03517587939698489
3596,智易科技 Arcadyan,32236.877,2735722.233,79.4,90,84.86,122420.783,122420.783,1224.20783,-0.11777777777777772
4904,遠傳 Far EasTone,171229.425,6492542.488,38.8,38.15,37.92,3258500.81,3258500.81,32585.008100000003,0.0170380078636959
4906,正文 Gemtek,98617.431,5581676.44,54.2,57.8,56.6,276712.312,276712.312,2767.12312,-0.06228373702422136
5388,中磊 SERCOMM,69776.523,1826691.85,23.6,26,26.18,170944.969,170944.969,1709.44969,-0.09230769230769226
6136,富爾特 FTC,85295.421,3130638.672,33.5,34.2,36.7,95484.639,95484.639,954.84639,-0.020467836257310024
6142,友勁 CAMEO,94220.872,1750545.257,17.25,18.6,18.58,227533.506,227533.506,2275.33506,-0.0725806451612904
6152,百一 PRIME,19116.444,715315.873,33.6,40,37.42,139640.029,139640.029,1396.40029,-0.15999999999999998
6216,居易 Draytek Corp.,30138.191,831152.968,24.35,27.05,27.58,74149.137,74149.137,741.49137,-0.09981515711645099
6283,淳安電子 SOE,23080.039,386478.867,14.55,17.65,16.75,92880.528,92880.528,928.80528,-0.17563739376770526
6285,啟碁 WNC,87000.517,4581869.969,51,55.4,52.66,252171.143,252171.143,2521.7114300000003,-0.07942238267148012
8101,華冠 Arima Comm.,135159.97,2084612.135,14,14.7,15.42,368478.438,368478.438,3684.784380000001,-0.047619047619047575
1582,信錦 SYNCMOLD,28262.791,2154609.011,68.5,84.5,76.23,135375.5,135375.5,1353.755,-0.1893491124260355
2059,川湖 king slide,25574.379,4708614.685,175.5,174,184.11,87138.588,87138.588,871.38588,0.008620689655172414
2308,台達電 Delta Electronics,134605.393,13038531.905,97,100,96.86,2253523.956,2253523.956,22535.23956,-0.03
2313,華通 COMPEQ MFG.,373361.922,3917317.772,9.18,11.65,10.49,1191820.589,1191820.589,11918.20589,-0.2120171673819743
2316,楠梓電 WUS,116958.951,1409045.999,11.85,12.15,12.05,433227.74,433227.74,4332.2774,-0.024691358024691416
2327,國巨 Yageo,384095.28,4530587.887,11.15,11.7,11.8,2194862.305,2194862.305,21948.62305,-0.04700854700854692
2328,廣宇 Pan-International,177790.102,9988168.332,52.4,58,56.18,487903.158,487903.158,4879.03158,-0.09655172413793106
2355,敬鵬 Chin-Poon,85163.723,2377406.966,25.1,28.95,27.92,397495.42,397495.42,3974.9542,-0.13298791018998266
2367,燿華 Unitech,88412.056,1146960.656,11.35,13.85,12.97,448291.247,431470.861,4482.912469999999,-0.18050541516245489
2368,金像 GCE,109950.85,1447835.382,12.1,13.8,13.17,569175.841,569175.841,5691.75841,-0.12318840579710152
2375,智寶 Teapo,121468.536,656588.517,5.04,5.1,5.41,364454.066,364454.066,3644.54066,-0.011764705882352865
2383,台光電 EMC,100730.864,2409390.239,21.5,24.3,23.92,269015.857,269015.857,2690.1585700000005,-0.1152263374485597
2392,正崴 FOXLINK,125190.066,8889816.66,65.5,74.8,71.01,453965.472,453965.472,4539.65472,-0.12433155080213901
2413,環科 UMEC,63446.939,1071674.38,14.4,16.9,16.89,132252.2,132252.2,1322.522,-0.14792899408284013
2415,錩新 Cx Tech,8131.844,111716.627,11.9,14.5,13.74,83112.411,83112.411,831.1241099999999,-0.17931034482758618
2420,新巨 Zippy,79683.798,2086240.754,24,25.65,26.18,155965.688,155965.688,1559.65688,-0.06432748538011691
2421,建準 Sunon,73290.42,1997960.777,26.6,28.8,27.26,257929.732,257929.732,2579.29732,-0.07638888888888887
2428,興勤 TKS,33230.584,1954860.217,52,62,58.83,117109.57,117109.57,1171.0957,-0.16129032258064516
2431,聯昌 Lien Chang,48972.888,1203162.973,20.15,25.05,24.57,97857.783,97857.783,978.57783,-0.19560878243512983
2440,太空梭 Space Shuttle,31407.304,403791.458,11.5,14.05,12.86,139117.271,103664.333,1391.17271,-0.18149466192170824
2456,奇力新 Chilisin,89133.769,2150910.963,23.1,23.7,24.13,152497.552,152497.552,1524.97552,-0.02531645569620244
2457,飛宏 Phihong,233080.698,7566098.957,31.05,31.1,32.46,367587.91,367587.91,3675.8791,-0.0016077170418006658
2460,建通 Gem,14830.685,386864.068,24.15,27.35,26.09,171598.0,171598.0,1715.98,-0.117001828153565
2462,良得電 LINETEK,79579.314,4427045.263,55.8,52.9,55.63,80575.59,80575.59,805.7558999999999,0.05482041587901699
2467,志聖 C Sun,56796.848,1133890.418,17.8,20.7,19.96,143661.61,143661.61,1436.6161,-0.14009661835748785
2472,立隆電 LEION,79626.788,1345977.871,14.2,16.95,16.9,146997.0,146997.0,1469.97,-0.16224188790560473
2476,鉅祥 GS,54293.961,1449842.154,23.9,28.6,26.7,244304.339,244304.339,2443.0433900000003,-0.16433566433566443
2478,大毅 Ta-I,156945.168,7028275.778,39.45,47.8,44.78,195830.943,195830.943,1958.30943,-0.17468619246861913
2483,百容 ECE,8605.329,142603.548,14.65,17.5,16.57,116965.807,116965.807,1169.65807,-0.16285714285714284
2484,希華 Siward,34930.192,535619.059,13.95,16.15,15.33,143112.884,143112.884,1431.12884,-0.13622291021671823
2492,華新科 WTC,210031.721,3854330.801,16,20.2,18.35,663802.265,663802.265,6638.022650000001,-0.20792079207920788
2493,揚博 AMPOC,74688.527,1523776.63,17.2,22,20.4,114437.39,114437.39,1144.3738999999998,-0.21818181818181823
3003,健和興 KST,18570.963,569886.435,28,29.35,30.69,119937.65,119937.65,1199.3765,-0.045996592844974496
3011,今皓 JH,24656.909,340528.885,12,14.5,13.81,112719.251,112719.251,1127.19251,-0.1724137931034483
3015,全漢 SPI,44706.279,1866432.464,39.3,41.8,41.75,218252.852,218252.852,2182.52852,-0.059808612440191394
3023,信邦 SINBON,31196.261,719996.254,20.6,23.3,23.08,185291.86,185291.86,1852.9186,-0.11587982832618023
3026,禾伸堂 HOLY  STONE,121562.621,5827561.294,46.4,46.8,47.94,287217.454,287217.454,2872.17454,-0.008547008547008517
3032,偉訓 COMPUCASE,22098.16,352421.731,14.2,16.35,15.95,101116.367,101116.367,1011.16367,-0.13149847094801234
3037,欣興 Unimicron,254561.251,10956693.589,39.05,46.4,43.04,1547405.996,1547405.996,15474.05996,-0.15840517241379315
3042,晶技 TXC,84206.099,4636524.399,52.5,58.9,55.06,287340.93,287340.93,2873.4093,-0.10865874363327672
3044,健鼎 Tripod,42665.899,4638963.242,110,108,108.73,473518.827,473518.827,4735.18827,0.018518518518518517
3058,立德 Leader,36639.775,1002765.153,23.25,30.3,27.37,128549.523,118549.523,1285.49523,-0.23267326732673269
3090,日電貿 NDB,21821.996,776732.043,32,37.45,35.59,75242.797,75242.797,752.4279700000001,-0.1455273698264353
3229,晟鈦 CHEER TIME,17196.806,289506.803,15,17.3,16.83,60463.7,60463.7,604.637,-0.13294797687861276
3296,勝德 POWERTECH,19104.407,685497.159,33.9,37.25,35.88,112098.861,112098.861,1120.98861,-0.0899328859060403
3308,聯德電子 BESTEC,19996.078,534490.517,22.6,27.45,26.73,90370.9,90370.9,903.709,-0.17668488160291432
3376,新日興 SZS,40009.369,6061745.437,130,159.5,151.51,149338.825,149338.825,1493.38825,-0.18495297805642633
3501,維熹科技 Well Shin,19101.333,1199893.115,53.9,66.5,62.82,102478.061,102478.061,1024.78061,-0.18947368421052635
3533,嘉澤 LOTES,26216.526,4312559.456,156.5,177,164.5,83104.1,77104.1,831.041,-0.11581920903954802
3605,宏致電子 ACES,14001.326,1685638.921,107,128.5,120.39,94782.218,94782.218,947.82218,-0.16731517509727625
3607,谷崧精密 Coxon,15731.45,1331351.014,77,93.5,84.63,114488.0,114488.0,1144.88,-0.17647058823529413
3653,健策 JENTECH,12551.782,2082646.872,137.5,185,165.92,72302.722,72302.722,723.0272199999999,-0.25675675675675674
5469,瀚宇博德 Board,29607.73,898424.306,27.9,31.6,30.34,399926.416,399926.416,3999.26416,-0.11708860759493679
6108,競國實業 APCB INC.,86536.196,3530053.789,38,42.5,40.79,153966.925,153966.925,1539.66925,-0.10588235294117647
6115,鎰勝 I-SHENG,45578.896,2814678.475,57.3,62.5,61.75,159249.255,159249.255,1592.49255,-0.08320000000000005
6133,金橋 Golden Bridge,16233.516,222505.725,11.6,14.3,13.71,112960.423,112960.423,1129.60423,-0.18881118881118888
6141,柏承科技 Plotech,29088.604,768182.602,22.45,27.95,26.41,143568.45,143568.45,1435.6845,-0.1967799642218247
6153,嘉聯益 Career Tech.,99157.211,2505669.089,23.9,27.1,25.27,319803.013,319803.013,3198.03013,-0.11808118081180821
6155,鈞寶電子 KC,18958.728,735244.832,34.3,36.4,38.78,78378.952,78378.952,783.78952,-0.05769230769230773
6191,精成科技 GBM,46623.403,1079029.539,21.1,25.7,23.14,415340.729,415340.729,4153.40729,-0.17898832684824895
6205,詮欣 COXOC,10764.168,376190.009,33.9,30.9,34.95,77226.079,77226.079,772.26079,0.0970873786407767
6213,聯茂 ITEQ,105536.023,3392476.924,31.5,31.9,32.15,286679.317,286679.317,2866.79317,-0.012539184952978013
6224,聚鼎科技 PTTC.,52382.304,3418701.797,55.2,65.2,65.26,72044.838,72044.838,720.44838,-0.15337423312883436
6251,定穎電子 DYNAMIC,92041.457,3365966.304,34.2,38.65,36.57,261467.764,261467.764,2614.6776400000003,-0.11513583441138411
6269,台郡 FLEXIUM,54910.536,2769637.281,44.2,54,50.44,135172.6,135172.6,1351.726,-0.18148148148148144
6282,康舒 AcBel,205150.095,5784205.14,25.15,28.7,28.19,497992.295,497992.295,4979.92295,-0.12369337979094079
8039,台虹 TAIFLEX,78463.098,4398395.937,53,59,56.06,163531.222,163531.222,1635.3122200000005,-0.1016949152542373
8046,南電 N.P.C.,59698.819,8017183.927,135.5,122.5,134.29,630398.531,630398.531,6303.98531,0.10612244897959183
8103,瀚荃股份有限公司 CviLux,28120.369,1169355.497,40.5,44.05,41.58,63684.473,63684.473,636.84473,-0.0805902383654937
8163,達方電子 DARFON,128105.001,6893656.56,46.9,50.7,53.81,316755.85,316755.85,3167.5585,-0.0749506903353058
8213,志超 tpt,101767.32,7207564.027,68.4,75.2,70.82,194254.847,194254.847,1942.54847,-0.09042553191489358
8249,菱光科技 CREATIVE SENSOR INC.,117617.377,3364291.857,29.9,25.2,28.6,127000.0,127000.0,1270.0,0.18650793650793648
1435,中福振業 Chun Fu,23385.497,121676.368,4.55,4.85,5.2,139780.08,139780.08,1397.8007999999998,-0.06185567010309275
2347,聯強 Synnex,135484.09,9285484.613,65.8,69.5,68.54,1328108.02,1328108.02,13281.0802,-0.053237410071942486
2359,所羅門 Solomon,27302.109,412534.138,13.05,16.2,15.11,188057.744,188057.744,1880.57744,-0.19444444444444436
2414,精技 UTE,40732.305,844277.092,18.3,23.6,20.73,164286.246,164286.246,1642.8624600000005,-0.2245762711864407
2430,燦坤 TKE,44793.582,2545472.696,52,57.2,56.83,128397.841,128397.841,1283.97841,-0.09090909090909095
2459,敦吉 Audix,13083.077,308260.203,21.95,24.4,23.56,147075.769,147075.769,1470.75769,-0.10040983606557374
3010,華立 Wahlee,17952.342,789716.117,40.9,44.4,43.99,234409.138,234409.138,2344.09138,-0.07882882882882883
3028,增你強 Zenitron,75104.302,1754833.298,21.5,23.4,23.37,209536.151,209536.151,2095.36151,-0.08119658119658114
3033,威健 WEIKENG,43304.336,896049.334,19,21,20.69,232115.523,232115.523,2321.15523,-0.09523809523809523
3036,文曄 Wintech,30440.577,799328.782,23.55,27.25,26.26,250247.336,250247.336,2502.4733600000004,-0.13577981651376145
3040,遠見 GV,7772.62,110487.831,12.75,15,14.22,109520.92,109520.92,1095.2092,-0.15
3048,益登 EDOM,74122.577,1465900.591,17.25,18.85,19.78,161100.0,161100.0,1611.0,-0.0848806366047746
3055,蔚華科 SPIROX,20171.317,475273.782,22.2,24.2,23.56,134100.755,134100.755,1341.00755,-0.08264462809917356
3209,全科科技 ALLTEK,36402.72,932028.518,25.05,24.15,25.6,64187.542,64187.542,641.8754200000001,0.037267080745341706
5434,崇越 TOPCO,74196.654,3303141.569,42.2,44.2,44.52,142941.544,142941.544,1429.41544,-0.04524886877828054
6189,豐藝 Promate,34806.986,857852.061,23.25,24.7,24.65,181409.101,181409.101,1814.09101,-0.05870445344129552
6281,全國電 E-LIFE MALL,9220.788,405194.86,43.4,43.2,43.94,132230.593,132230.593,1322.30593,0.0046296296296295305
8070,長華電材 CHANG WAH,12918.92,2180412.851,151,170,168.78,63089.839,63089.839,630.8983900000001,-0.11176470588235295
8112,至上 Supreme,132781.728,3475499.07,23.85,30.5,26.17,189995.988,189995.988,1899.95988,-0.21803278688524586
2427,三商電 MDS,25958.726,265147.516,9.01,10.7,10.21,190314.463,190314.463,1903.14463,-0.1579439252336448
2453,凌群 SYSCOM,43879.474,724334.396,15,16.9,16.51,100000.0,100000.0,1000.0,-0.1124260355029585
2468,華經 FIS,16520.455,256560.564,13.7,15.85,15.53,70345.249,70345.249,703.45249,-0.1356466876971609
2471,資通 ARES,67950.016,1337961.754,18.3,18.65,19.69,49253.89,49253.89,492.5389,-0.01876675603217147
2480,敦陽科 Stark,78278.689,2338555.765,27.1,31.9,29.87,132950.363,132950.363,1329.5036300000002,-0.1504702194357366
3021,衛展資訊 WELLTEND,5469.932,75270.679,13,14,13.76,38116.492,25066.492,381.16492,-0.07142857142857142
3029,零壹 ZERO ONE,139462.194,3528658.189,25,24.3,25.3,98507.213,98507.213,985.07213,0.028806584362139887
3130,一零四 104 CORPORATION,984.233,85443.982,86.2,88,86.81,33750.0,33750.0,337.5,-0.020454545454545423
3356,奇偶科技 GeoVision,16671.578,2337918.67,132,136,140.23,48125.219,48125.219,481.2521899999999,-0.029411764705882353
5203,訊連 CyberLink,67798.452,10235059.431,149.5,137,150.96,115626.748,115626.748,1156.26748,0.09124087591240876
6112,聚碩 SYSAGE,22372.716,593319.946,22.45,29.9,26.52,62568.0,62568.0,625.68,-0.2491638795986622
2312,金寶 Kinpo Electronics,250381.816,2480949.432,9.5,9.5,9.91,1458233.211,1458233.211,14582.33211,0.0
2317,鴻海 Hon Hai,625209.266,90312552.455,134.5,151.5,144.45,8578931.855,8578931.855,85789.31855000001,-0.11221122112211221
2354,鴻準 FoxconnTechnology,181142.931,23576618.991,126.5,124,130.15,972040.874,972040.874,9720.40874,0.020161290322580645
2360,致茂 Chroma,83623.694,5539580.517,63,72.7,66.24,349767.35,349767.35,3497.6735,-0.1334250343878955
2371,大同 Tatung,425170.779,3224133.772,6.99,7.84,7.58,5551669.882,5551669.882,55516.69882,-0.10841836734693873
2373,震旦行 Aurora,2989.731,110452.636,36.1,37,36.94,337432.169,337432.169,3374.32169,-0.024324324324324288
2390,云辰 Everspring,49923.672,636311.44,11.2,14,12.75,216723.352,216723.352,2167.23352,-0.20000000000000004
2404,漢唐 UIS,102103.176,2835305.609,28.7,27.65,27.77,251072.373,251072.373,2510.72373,0.037974683544303826
2423,固緯 GW,27476.535,742999.368,23.3,30.55,27.04,100807.584,100807.584,1008.07584,-0.23731587561374795
2433,互盛電 ASC,13747.589,333439.271,20.9,24.65,24.25,144496.011,144496.011,1444.9601099999998,-0.15212981744421908
2461,光群雷 K Laser,45179.023,1082417.14,20.35,25.75,23.96,133704.285,133704.285,1337.04285,-0.20970873786407762
2464,盟立 Mirle,25929.635,808341.48,29.6,31.25,31.17,168906.0,168906.0,1689.06,-0.05279999999999995
2477,美隆電 Meiloon,40843.101,607880.336,12.8,14.5,14.88,266440.659,266440.659,2664.40659,-0.11724137931034478
2482,連宇 UIC,11931.34,320481.764,23.7,29.3,26.86,62072.549,62072.549,620.72549,-0.19112627986348127
2488,漢平 Hanpin,17444.924,278247.069,14.25,17,15.95,99999.433,99999.433,999.99433,-0.16176470588235295
2495,普安 Infortrend,58765.347,3127218.074,47,55.2,53.22,294137.738,294137.738,2941.37738,-0.1485507246376812
2497,怡利電 E-LEAD,3423.337,79529.376,21.1,25,23.23,103561.25,103561.25,1035.6125,-0.15599999999999994
3018,同開 TUNG KAI,1625.665,26568.544,15.7,17.2,16.34,50000.0,8889.355,500.0,-0.0872093023255814
3030,德律 TRI,34458.201,1281170.499,35,38.45,37.18,192573.447,192573.447,1925.73447,-0.0897269180754227
3052,夆典 APEX,54212.56,965348.24,15.6,19.05,17.81,179342.166,179342.166,1793.42166,-0.18110236220472445
3305,昇貿科技 SHENMAO,33980.333,2270424.333,59,70.5,66.82,95798.444,95798.444,957.98444,-0.16312056737588654
3450,聯鈞 ELASER,197707.921,10769439.358,56,45.35,54.47,76642.141,76642.141,766.42141,0.23484013230429984
3518,柏騰 PT TECH.,38539.882,3697817.71,88.9,91.5,95.95,78640.827,78640.827,786.40827,-0.028415300546448027
3617,碩天 CyberPower,12453.806,1486955.418,99,135,119.4,78935.0,78935.0,789.35,-0.26666666666666666
6139,亞翔 L & K,22204.654,861593.761,36.5,43.25,38.8,188251.168,188251.168,1882.51168,-0.15606936416184972
6192,巨路 LUMAX,10800.575,644756.678,55.2,61.8,59.7,97885.657,97885.657,978.85657,-0.10679611650485428
6196,帆宣 MIC,46232.748,840383.366,17.2,19,18.18,161592.756,161592.756,1615.92756,-0.09473684210526319
6197,佳必琪 JPC,203924.115,28882639.339,146.5,95.9,141.63,147498.04,147498.04,1474.9804,0.5276329509906151
6201,亞弘電 YAHORNG,6385.284,188640.825,27.5,29.5,29.54,89200.0,89200.0,892.0,-0.06779661016949153
6215,和椿 Aurotek,4061.358,133377.532,32.45,33,32.84,67789.693,67789.693,677.8969299999999,-0.01666666666666658
8021,尖點 Topoint,26887.745,900288.447,30.3,34.9,33.48,127557.791,127557.791,1275.57791,-0.13180515759312314
8201,無敵科技 BESTA,6142.548,227311.948,33.8,39.15,37.01,80811.5,80811.5,808.115,-0.13665389527458496
2062,橋椿金屬 SSM,1088.539,35756.326,31.5,34.95,32.85,164334.0,164334.0,1643.34,-0.09871244635193141
2514,龍邦國際 LONG BON,99501.78,1733384.688,17.75,16.45,17.42,527753.964,527753.964,5277.539640000001,0.07902735562310036
2904,匯僑 POC,43871.813,666030.344,13.5,13.2,15.18,69034.432,69034.432,690.34432,0.022727272727272783
6184,大豐電 DAH FUNG CATV,1020.537,47361.78,46.2,46.2,46.41,62000.0,62000.0,620.0,0.0
8033,雷虎 TT,29386.325,490107.506,15.2,16.7,16.68,86479.075,86479.075,864.79075,-0.08982035928143713
9902,台火開發 Tidehold,32944.71,432567.317,11.5,12.2,13.13,98049.6,98049.6,980.496,-0.057377049180327815
9904,寶成工業 Pou Chen,305641.099,7875785.913,24.05,25.4,25.77,2843084.728,2843084.728,28430.84728,-0.05314960629921252
9905,大華金屬 GCM,18652.372,407548.296,20.15,22,21.85,305000.0,305000.0,3050.0,-0.08409090909090916
9907,統一實業 Ton Yi,149325.336,1869191.076,11.7,12.25,12.52,1503947.945,1503947.945,15039.47945,-0.04489795918367353
9910,豐泰企業 FT,8260.023,238231.835,27.7,29.25,28.84,490312.067,490312.067,4903.12067,-0.05299145299145302
9911,台灣櫻花 Taiwan Sakura,92958.537,1515095.611,14.3,16.8,16.3,265668.478,250064.262,2656.68478,-0.1488095238095238
9914,美利達 MIC,27710.664,1426567.393,48.35,52,51.48,257605.631,247605.631,2576.05631,-0.07019230769230766
9917,中保 Taiwan Secom,6766.702,372301.337,51.5,53.8,55.02,444529.156,444529.156,4445.291560000001,-0.04275092936802969
9919,康那香 KNH,29270.1,665646.534,20.8,22.8,22.74,197126.75,197126.75,1971.2675,-0.08771929824561403
9921,巨大機械 Giant Mfg.,11485.116,1011589.227,86.3,89.6,88.08,355064.626,355064.626,3550.64626,-0.036830357142857116
9924,臺灣福興 Taiwan Fu Hsing,16667.844,341238.163,19.9,20.2,20.47,188452.17,188452.17,1884.5217,-0.014851485148514887
9925,新保 SKS,17472.462,395485.328,22,23.3,22.63,379854.53,379854.53,3798.5453,-0.055793991416309044
9927,泰銘 TMI,59755.57,2858178.509,40.75,47.8,47.83,174910.772,174910.772,1749.10772,-0.14748953974895393
9930,中聯資源 CHC,5132.648,213884.494,40.8,42.1,41.67,225945.789,225945.789,2259.45789,-0.030878859857482285
9933,中鼎 CTCI Corp.,60442.178,2002226.79,32.65,32.8,33.13,654582.917,654582.917,6545.82917,-0.004573170731707274
9934,成霖 Globo,45116.178,1491117.623,30.5,30.95,33.05,294997.899,294997.899,2949.97899,-0.0145395799676898
9935,慶豐富 Ching Feng,84960.921,993319.105,10.8,11.6,11.69,179009.816,153109.816,1790.09816,-0.06896551724137923
9938,百和 Taiwan Paiho,99503.778,2658692.977,24.45,27,26.72,279496.13,279496.13,2794.9613,-0.09444444444444447
9939,宏全 Hon Chuan,74282.9,4065938.904,52.3,53,54.74,235144.98,235144.98,2351.4498000000003,-0.013207547169811375
9940,信義 Sinyi Realty,21717.689,1360625.902,61,61.3,62.65,304275.794,304275.794,3042.75794,-0.004893964110929807
9942,茂順 MAO SHUN,1734.256,56344.346,31.75,33.1,32.49,83161.32,83161.32,831.6132000000001,-0.040785498489426024
9943,好樂迪 Holiday,11497.474,343388.677,27.45,32.65,29.87,184147.0,184147.0,1841.47,-0.15926493108728942
9944,新麗 Shinih,7667.286,200878.514,24.65,26,26.2,90909.31,90909.31,909.0931,-0.051923076923076975
9945,潤泰新 RUENTEX DEVELOP,126048.318,5455361.664,40.4,42.6,43.28,759318.488,759318.488,7593.18488,-0.051643192488262976
9955,佳龍 SDTI,19879.304,1222698.786,53.6,62.2,61.51,98207.621,98207.621,982.07621,-0.1382636655948553
